config,fold,row,image_id,patient,y,density,p_density_0,logit_density_0,p_density_1,logit_density_1,p_density_2,logit_density_2,p_density_3,logit_density_3
st_dens,0,27,P_00017_LEFT_CC,P_00017,1,1,0.021618871,-0.6376953,0.9549439,3.1503906,0.020760233,-0.67822266,0.0026770073,-2.7265625
st_dens,0,28,P_00017_LEFT_MLO,P_00017,1,1,0.36084577,1.4726562,0.60666806,1.9921875,0.024340983,-1.2236328,0.008145249,-2.3183594
st_dens,0,57,P_00032_RIGHT_CC,P_00032,0,2,0.011785479,-2.1464844,0.1897442,0.6323242,0.77768487,2.0429688,0.020785404,-1.5791016
st_dens,0,58,P_00032_RIGHT_MLO,P_00032,0,2,0.012719583,-2.1542969,0.68637484,1.8339844,0.2869631,0.96191406,0.01394247,-2.0625
st_dens,0,61,P_00037_RIGHT_CC,P_00037,1,2,0.023710052,-1.8613281,0.17704381,0.14916992,0.7219203,1.5546875,0.077325836,-0.6791992
st_dens,0,62,P_00037_RIGHT_MLO,P_00037,1,2,0.052409854,-0.6508789,0.8612726,2.1484375,0.0745258,-0.29882812,0.011791695,-2.1425781
st_dens,0,83,P_00056_LEFT_MLO,P_00056,0,2,0.007046459,-2.1015625,0.008701215,-1.890625,0.12736493,0.79296875,0.8568873,2.6992188
st_dens,0,100,P_00066_LEFT_CC,P_00066,1,3,0.0021838606,-2.5195312,0.0028650295,-2.2480469,0.04232804,0.44482422,0.95262307,3.5585938
st_dens,0,101,P_00066_LEFT_MLO,P_00066,1,3,0.007155518,-1.9677734,0.007982558,-1.8583984,0.05405868,0.05441284,0.93080324,2.9003906
st_dens,0,146,P_00099_LEFT_MLO,P_00099,0,1,0.5766451,1.859375,0.38941625,1.4667969,0.023661934,-1.3339844,0.01027674,-2.1679688
st_dens,0,166,P_00114_LEFT_MLO,P_00114,0,2,0.026282776,-1.109375,0.8518661,2.3691406,0.11253446,0.3449707,0.009316661,-2.1464844
st_dens,0,167,P_00116_RIGHT_CC,P_00116,1,1,0.17893256,-0.37353516,0.22948767,-0.124694824,0.13264714,-0.67285156,0.45893267,0.5683594
st_dens,0,168,P_00116_RIGHT_MLO,P_00116,1,1,0.31019002,1.5205078,0.66897035,2.2890625,0.015701978,-1.4628906,0.005137667,-2.5800781
st_dens,0,170,P_00118_RIGHT_CC,P_00118,1,0,0.23090777,0.7910156,0.7323916,1.9453125,0.020039042,-1.6533203,0.016661692,-1.8378906
st_dens,0,171,P_00118_RIGHT_MLO,P_00118,1,0,0.46663365,1.7929688,0.50652605,1.875,0.018795744,-1.4189453,0.008044572,-2.2675781
st_dens,0,181,P_00124_RIGHT_CC,P_00124,0,2,0.029658796,-1.4150391,0.5140383,1.4375,0.43286368,1.265625,0.02343914,-1.6503906
st_dens,0,182,P_00126_RIGHT_CC,P_00126,0,2,0.030288812,-1.5009766,0.044285674,-1.1210938,0.105177715,-0.25610352,0.8202478,1.7978516
st_dens,0,183,P_00126_RIGHT_MLO,P_00126,0,2,0.07946433,-1.1279297,0.27701938,0.12084961,0.34967273,0.35375977,0.2938435,0.17980957
st_dens,0,187,P_00131_LEFT_CC,P_00131,0,0,0.8582849,2.6953125,0.120077714,0.7285156,0.009713248,-1.7861328,0.011924188,-1.5810547
st_dens,0,188,P_00131_LEFT_MLO,P_00131,0,0,0.7421405,1.9550781,0.19218612,0.6040039,0.0334459,-1.1445312,0.032227486,-1.1816406
st_dens,0,197,P_00141_LEFT_CC,P_00141,0,0,0.01088904,-1.7373047,0.015827995,-1.3632812,0.026019612,-0.86621094,0.94726336,2.7285156
st_dens,0,198,P_00141_LEFT_MLO,P_00141,0,0,0.052642476,-1.4443359,0.193879,-0.140625,0.21763839,-0.025024414,0.5358401,0.87597656
st_dens,0,199,P_00145_LEFT_CC,P_00145,0,2,0.01062053,-2.0917969,0.11045252,0.25,0.84369314,2.2832031,0.035233863,-0.8925781
st_dens,0,200,P_00145_LEFT_MLO,P_00145,0,2,0.033642244,-1.3818359,0.5928392,1.4873047,0.3416045,0.93603516,0.031914108,-1.4345703
st_dens,0,203,P_00147_RIGHT_CC,P_00147,1,1,0.92456603,3.2363281,0.063783616,0.5625,0.0032509062,-2.4140625,0.008399335,-1.4648438
st_dens,0,204,P_00147_RIGHT_MLO,P_00147,1,1,0.7010257,2.5039062,0.28296357,1.5966797,0.010357397,-1.7109375,0.0056532584,-2.3164062
st_dens,0,210,P_00156_RIGHT_MLO,P_00156,0,2,0.011011132,-2.2128906,0.09342999,-0.07458496,0.85112834,2.1347656,0.0444305,-0.8178711
st_dens,0,213,P_00158_RIGHT_MLO,P_00158,0,1,0.6946463,2.1386719,0.2773927,1.2207031,0.01536173,-1.6728516,0.012599248,-1.8710938
st_dens,0,227,P_00171_RIGHT_CC,P_00171,0,2,0.020909533,-1.7597656,0.043835305,-1.0195312,0.3348366,1.0136719,0.60041857,1.5976562
st_dens,0,228,P_00171_RIGHT_MLO,P_00171,0,2,0.021595499,-1.8867188,0.13337484,-0.06604004,0.67708534,1.5585938,0.16794428,0.16442871
st_dens,0,231,P_00173_LEFT_CC,P_00173,0,1,0.026110452,-0.50878906,0.9524288,3.0878906,0.01848798,-0.8540039,0.00297274,-2.6816406
st_dens,0,232,P_00173_LEFT_MLO,P_00173,0,1,0.016167244,-1.7607422,0.8349093,2.1835938,0.13398573,0.3540039,0.0149376625,-1.8398438
st_dens,0,233,P_00173_RIGHT_CC,P_00173,0,1,0.027379673,-1.0117188,0.8926333,2.4726562,0.07270381,-0.035125732,0.007283286,-2.3359375
st_dens,0,234,P_00173_RIGHT_MLO,P_00173,0,1,0.68879944,2.5683594,0.2988642,1.7333984,0.0078027905,-1.9121094,0.0045335833,-2.4550781
st_dens,0,239,P_00177_LEFT_CC,P_00177,0,0,0.9406832,3.4902344,0.05229799,0.60058594,0.0018809232,-2.7246094,0.005137905,-1.7197266
st_dens,0,240,P_00177_LEFT_MLO,P_00177,0,0,0.8041761,2.734375,0.18031424,1.2392578,0.008726643,-1.7890625,0.006783055,-2.0410156
st_dens,0,256,P_00192_RIGHT_CC,P_00192,0,3,0.017043892,-1.96875,0.04056799,-1.1015625,0.6585818,1.6855469,0.2838063,0.84375
st_dens,0,257,P_00194_RIGHT_CC,P_00194,1,2,0.04225153,-0.7011719,0.8636942,2.3164062,0.08423196,-0.011238098,0.009822309,-2.1601562
st_dens,0,258,P_00194_RIGHT_MLO,P_00194,1,2,0.021214807,-1.9130859,0.20152634,0.33813477,0.7149964,1.6044922,0.06226251,-0.8364258
st_dens,0,263,P_00198_LEFT_CC,P_00198,1,1,0.63511056,2.0195312,0.3307806,1.3671875,0.02139536,-1.3710938,0.012713524,-1.8916016
st_dens,0,264,P_00198_LEFT_MLO,P_00198,1,1,0.40353027,1.1748047,0.52017105,1.4287109,0.058447126,-0.7573242,0.017851498,-1.9433594
st_dens,0,267,P_00200_LEFT_CC,P_00200,0,2,0.010941569,-2.0722656,0.016139038,-1.6835938,0.26072538,1.0986328,0.712194,2.1035156
st_dens,0,268,P_00200_LEFT_MLO,P_00200,0,2,0.009822585,-2.1503906,0.03563251,-0.8618164,0.8209527,2.2753906,0.13359217,0.4597168
st_dens,0,269,P_00200_RIGHT_CC,P_00200,0,2,0.057291534,-1.3496094,0.17859411,-0.21264648,0.47549853,0.76660156,0.28861576,0.26733398
st_dens,0,270,P_00200_RIGHT_MLO,P_00200,0,2,0.0075087002,-2.125,0.010054844,-1.8330078,0.12130268,0.65722656,0.86113375,2.6171875
st_dens,0,272,P_00202_RIGHT_CC,P_00202,1,0,0.15379862,1.2060547,0.83713055,2.9003906,0.0068705603,-1.9023438,0.002200256,-3.0410156
st_dens,0,273,P_00202_RIGHT_MLO,P_00202,1,0,0.028098417,-0.484375,0.9488441,3.0351562,0.019740768,-0.83740234,0.0033167803,-2.6210938
st_dens,0,274,P_00203_LEFT_CC,P_00203,0,2,0.03794104,-1.4824219,0.45040825,0.9916992,0.44930997,0.9892578,0.062340755,-0.98583984
st_dens,0,275,P_00203_LEFT_MLO,P_00203,0,2,0.08988912,-0.053009033,0.8349461,2.1757812,0.06610434,-0.36035156,0.009060549,-2.3476562
st_dens,0,283,P_00209_LEFT_MLO,P_00209,1,2,0.04093523,-1.3242188,0.65169007,1.4433594,0.267192,0.5517578,0.040182687,-1.3427734
st_dens,0,284,P_00212_RIGHT_CC,P_00212,1,2,0.02139326,-1.8496094,0.2593538,0.6455078,0.6766658,1.6044922,0.042587146,-1.1611328
st_dens,0,285,P_00212_RIGHT_MLO,P_00212,1,2,0.03234769,-1.4873047,0.5241085,1.2978516,0.414604,1.0634766,0.028939702,-1.5986328
st_dens,0,304,P_00230_RIGHT_CC,P_00230,0,1,0.031450707,-1.2392578,0.87276274,2.0839844,0.07770834,-0.3347168,0.01807827,-1.7929688
st_dens,0,305,P_00230_RIGHT_MLO,P_00230,0,1,0.18916608,0.4897461,0.74707127,1.8632812,0.048227347,-0.8769531,0.015535283,-2.0097656
st_dens,0,314,P_00238_RIGHT_CC,P_00238,0,2,0.01074607,-1.1992188,0.96355915,3.296875,0.022622045,-0.45483398,0.0030727934,-2.4511719
st_dens,0,315,P_00238_RIGHT_MLO,P_00238,0,2,0.014708585,-2.0253906,0.56557643,1.6240234,0.40144557,1.28125,0.018269412,-1.8085938
st_dens,0,364,P_00278_RIGHT_CC,P_00278,0,1,0.25805864,0.92822266,0.6977185,1.9228516,0.031229727,-1.1835938,0.012993083,-2.0605469
st_dens,0,365,P_00278_RIGHT_MLO,P_00278,0,1,0.49714813,1.6474609,0.46429896,1.5791016,0.02818446,-1.2226562,0.010368483,-2.2226562
st_dens,0,390,P_00296_LEFT_CC,P_00296,1,1,0.03424992,-0.5834961,0.9216492,2.7089844,0.03944067,-0.4423828,0.004660186,-2.578125
st_dens,0,391,P_00296_LEFT_MLO,P_00296,1,1,0.021171784,-1.8427734,0.31463075,0.85595703,0.6365033,1.5605469,0.027694225,-1.5742188
st_dens,0,429,P_00324_RIGHT_CC,P_00324,1,2,0.015520033,-2.0605469,0.049660888,-0.89746094,0.55843574,1.5224609,0.3763834,1.1279297
st_dens,0,430,P_00324_RIGHT_MLO,P_00324,1,2,0.04644326,-0.9433594,0.02897843,-1.4150391,0.081829496,-0.37695312,0.8427488,1.9550781
st_dens,0,437,P_00331_LEFT_MLO,P_00331,0,2,0.009919071,-2.0546875,0.020632781,-1.3222656,0.109089024,0.34301758,0.86035913,2.4082031
st_dens,0,452,P_00340_LEFT_CC,P_00340,0,3,0.008382385,-1.8896484,0.009063519,-1.8115234,0.060754754,0.09106445,0.9217994,2.8105469
st_dens,0,455,P_00343_LEFT_CC,P_00343,0,1,0.020628236,-1.8964844,0.6141355,1.4970703,0.343491,0.9160156,0.021745246,-1.84375
st_dens,0,456,P_00343_LEFT_MLO,P_00343,0,1,0.024266066,-1.8515625,0.5384466,1.2480469,0.40485626,0.9628906,0.032431107,-1.5615234
st_dens,0,457,P_00343_RIGHT_CC,P_00343,0,1,0.041167367,-1.4501953,0.37986422,0.77197266,0.5255897,1.0966797,0.053378686,-1.1904297
st_dens,0,458,P_00343_RIGHT_MLO,P_00343,0,1,0.061879594,-1.234375,0.37868848,0.57714844,0.40806276,0.65185547,0.15136918,-0.33984375
st_dens,0,461,P_00347_LEFT_CC,P_00347,1,0,0.84643847,2.609375,0.13165668,0.74853516,0.0087732,-1.9599609,0.013131604,-1.5566406
st_dens,0,462,P_00347_LEFT_MLO,P_00347,1,0,0.80937815,2.6835938,0.17606895,1.1582031,0.0075641098,-1.9892578,0.006988829,-2.0683594
st_dens,0,475,P_00358_RIGHT_CC,P_00358,0,3,0.008440833,-1.8134766,0.007419967,-1.9423828,0.03945154,-0.27148438,0.94468766,2.9042969
st_dens,0,476,P_00358_RIGHT_MLO,P_00358,0,3,0.024346327,-1.6708984,0.04186178,-1.1289062,0.2188052,0.52490234,0.7149866,1.7089844
st_dens,0,477,P_00359_LEFT_MLO,P_00359,0,2,0.033051226,-1.5957031,0.38028836,0.84716797,0.5114841,1.1435547,0.07517629,-0.7739258
st_dens,0,487,P_00369_LEFT_CC,P_00369,0,3,0.03219254,-1.5292969,0.08469188,-0.5620117,0.16458851,0.10241699,0.7185271,1.5761719
st_dens,0,488,P_00369_LEFT_MLO,P_00369,0,3,0.03760289,-1.5253906,0.17352812,0.003868103,0.6045139,1.2519531,0.18435508,0.06439209
st_dens,0,493,P_00375_RIGHT_CC,P_00375,1,1,0.012653601,-1.2363281,0.957297,3.0898438,0.026670214,-0.49072266,0.0033791673,-2.5566406
st_dens,0,494,P_00375_RIGHT_MLO,P_00375,1,1,0.009824879,-1.9697266,0.8563604,2.4980469,0.12543564,0.57714844,0.00837908,-2.1289062
st_dens,0,501,P_00379_LEFT_CC,P_00379,0,2,0.01598938,-1.9355469,0.28675944,0.9511719,0.6772352,1.8105469,0.020016044,-1.7109375
st_dens,0,502,P_00379_LEFT_MLO,P_00379,0,2,0.016985063,-1.7529297,0.14762686,0.40942383,0.8017738,2.1015625,0.0336143,-1.0703125
st_dens,0,505,P_00381_LEFT_CC,P_00381,0,1,0.97236407,4.0625,0.019557487,0.15612793,0.00069054804,-3.1875,0.0073879287,-0.8173828
st_dens,0,506,P_00381_LEFT_MLO,P_00381,0,1,0.8665552,2.8378906,0.11585261,0.8256836,0.007659986,-1.890625,0.00993214,-1.6308594
st_dens,0,516,P_00387_RIGHT_CC,P_00387,0,1,0.022193758,-0.6147461,0.9562264,3.1484375,0.018835599,-0.7788086,0.002744171,-2.7050781
st_dens,0,517,P_00387_RIGHT_MLO,P_00387,0,1,0.19468252,1.0488281,0.78210974,2.4394531,0.018664876,-1.2958984,0.004542864,-2.7089844
st_dens,0,519,P_00390_RIGHT_CC,P_00390,1,1,0.89357823,2.7539062,0.080127,0.34228516,0.0070666755,-2.0859375,0.019227985,-1.0849609
st_dens,0,520,P_00390_RIGHT_MLO,P_00390,1,1,0.7361122,2.4746094,0.24704875,1.3828125,0.009523156,-1.8730469,0.007315932,-2.1367188
st_dens,0,521,P_00391_LEFT_CC,P_00391,0,3,0.023123018,-1.7050781,0.04341094,-1.0751953,0.38995212,1.1201172,0.54351383,1.4521484
st_dens,0,522,P_00391_LEFT_MLO,P_00391,0,3,0.019681409,-1.7578125,0.035847858,-1.1582031,0.4667016,1.4082031,0.4777691,1.4316406
st_dens,0,523,P_00391_RIGHT_CC,P_00391,0,3,0.008884882,-1.8876953,0.010675429,-1.7041016,0.06078388,0.03527832,0.9196558,2.7519531
st_dens,0,524,P_00391_RIGHT_MLO,P_00391,0,3,0.008966416,-1.8984375,0.0103707975,-1.7529297,0.058890104,-0.01625061,0.9217726,2.734375
st_dens,0,543,P_00405_LEFT_CC,P_00405,0,3,0.03467103,-1.5546875,0.09028178,-0.59765625,0.3940857,0.87597656,0.48096147,1.0751953
st_dens,0,544,P_00405_LEFT_MLO,P_00405,0,3,0.2031169,-0.19799805,0.38105053,0.43115234,0.25527152,0.030548096,0.16056104,-0.43310547
st_dens,0,549,P_00409_RIGHT_CC,P_00409,0,1,0.01711926,-1.984375,0.63739634,1.6328125,0.32160035,0.94873047,0.023884077,-1.6513672
st_dens,0,550,P_00409_RIGHT_MLO,P_00409,0,1,0.016156795,-1.6533203,0.85917574,2.3203125,0.113638714,0.29736328,0.0110287415,-2.0351562
st_dens,0,586,P_00429_LEFT_CC,P_00429,0,1,0.036294885,-0.23608398,0.94316864,3.0214844,0.017632661,-0.9580078,0.0029038633,-2.7617188
st_dens,0,587,P_00429_LEFT_MLO,P_00429,0,1,0.015986266,-1.4726562,0.90228736,2.5605469,0.07526734,0.076660156,0.0064590345,-2.3789062
st_dens,0,596,P_00433_LEFT_CC,P_00433,0,1,0.11309104,0.7871094,0.87062275,2.828125,0.013027472,-1.3740234,0.0032586667,-2.7597656
st_dens,0,597,P_00433_LEFT_MLO,P_00433,0,1,0.21240063,0.9580078,0.755235,2.2265625,0.024635226,-1.1962891,0.007729141,-2.3554688
st_dens,0,635,P_00457_LEFT_CC,P_00457,0,1,0.018025627,-1.1806641,0.9400152,2.7734375,0.03685998,-0.46533203,0.0050992784,-2.4433594
st_dens,0,636,P_00457_LEFT_MLO,P_00457,0,1,0.018233271,-1.6767578,0.8424007,2.15625,0.12481492,0.24682617,0.014551034,-1.9023438
st_dens,0,640,P_00464_RIGHT_CC,P_00464,0,2,0.031903323,-1.5693359,0.43955246,1.0537109,0.4870156,1.15625,0.041528586,-1.3056641
st_dens,0,641,P_00464_RIGHT_MLO,P_00464,0,2,0.026137441,-1.6748047,0.2834846,0.7089844,0.63387096,1.5136719,0.05650702,-0.9038086
st_dens,0,644,P_00466_LEFT_MLO,P_00466,1,3,0.0031676092,-1.8671875,0.0015050655,-2.6113281,0.011688918,-0.56152344,0.9836384,3.8710938
st_dens,0,653,P_00470_RIGHT_CC,P_00470,0,0,0.58230406,2.3027344,0.40611693,1.9423828,0.006184653,-2.2421875,0.0053943503,-2.3789062
st_dens,0,654,P_00470_RIGHT_MLO,P_00470,0,0,0.8834383,3.0664062,0.10551166,0.94140625,0.0048964424,-2.1289062,0.006153522,-1.9003906
st_dens,0,675,P_00481_RIGHT_CC,P_00481,1,1,0.01257216,-0.99853516,0.972266,3.3496094,0.012857738,-0.9760742,0.0023041402,-2.6953125
st_dens,0,676,P_00481_RIGHT_MLO,P_00481,1,1,0.018703805,-1.2714844,0.91182286,2.6152344,0.062148873,-0.07067871,0.007324515,-2.2089844
st_dens,0,677,P_00482_LEFT_CC,P_00482,0,2,0.036667064,-1.5751953,0.106827445,-0.5058594,0.4425713,0.91552734,0.41393423,0.8486328
st_dens,0,678,P_00482_LEFT_MLO,P_00482,0,2,0.021511426,-1.5986328,0.032482244,-1.1865234,0.10417778,-0.021118164,0.8418286,2.0683594
st_dens,0,682,P_00485_LEFT_CC,P_00485,1,2,0.013419429,-1.859375,0.15156582,0.5649414,0.8109984,2.2421875,0.02401635,-1.2773438
st_dens,0,683,P_00485_LEFT_MLO,P_00485,1,2,0.020476311,-1.7617188,0.080768175,-0.3894043,0.75793433,1.8496094,0.14082123,0.1665039
st_dens,0,690,P_00490_RIGHT_CC,P_00490,0,2,0.0060821315,-2.3496094,0.059279986,-0.07269287,0.9115267,2.6601562,0.023111174,-1.0146484
st_dens,0,691,P_00490_RIGHT_MLO,P_00490,0,2,0.011143946,-2.2617188,0.37521455,1.2548828,0.59318465,1.7128906,0.02045686,-1.6542969
st_dens,0,694,P_00493_RIGHT_CC,P_00493,0,3,0.08416136,-1.1298828,0.34697053,0.2866211,0.24541652,-0.059661865,0.32345158,0.21643066
st_dens,0,695,P_00494_RIGHT_CC,P_00494,0,1,0.07554138,-0.016067505,0.897607,2.4589844,0.018322518,-1.4326172,0.0085290875,-2.1972656
st_dens,0,696,P_00494_RIGHT_MLO,P_00494,0,1,0.026680937,-1.2646484,0.9000984,2.2539062,0.055499345,-0.53222656,0.017721342,-1.6738281
st_dens,0,701,P_00498_LEFT_CC,P_00498,1,0,0.19111043,0.6459961,0.77114075,2.0410156,0.023105217,-1.4667969,0.014643606,-1.9228516
st_dens,0,702,P_00498_LEFT_MLO,P_00498,1,0,0.11578052,-0.19628906,0.8021079,1.7392578,0.05331969,-0.9716797,0.028791917,-1.5878906
st_dens,0,705,P_00500_RIGHT_MLO,P_00500,1,1,0.027085546,-1.4951172,0.53142536,1.4814453,0.4208028,1.2480469,0.020686246,-1.7646484
st_dens,0,728,P_00514_LEFT_MLO,P_00514,1,1,0.03241339,-1.3554688,0.8000117,1.8505859,0.14341669,0.13171387,0.02415826,-1.6494141
st_dens,0,732,P_00516_LEFT_CC,P_00516,1,1,0.04272074,-0.5395508,0.9067441,2.515625,0.044119906,-0.5073242,0.0064153173,-2.4355469
st_dens,0,733,P_00516_LEFT_MLO,P_00516,1,1,0.021103073,-0.7915039,0.95193875,3.0175781,0.023450395,-0.68603516,0.003507786,-2.5859375
st_dens,0,748,P_00524_LEFT_CC,P_00524,1,0,0.87041,2.6386719,0.10244397,0.49902344,0.009482359,-1.8808594,0.017663555,-1.2587891
st_dens,0,749,P_00524_LEFT_MLO,P_00524,1,0,0.33573952,1.4785156,0.63836724,2.1210938,0.019695656,-1.3574219,0.0061975135,-2.5136719
st_dens,0,764,P_00533_LEFT_CC,P_00533,0,2,0.02343578,-1.7998047,0.056164637,-0.92578125,0.5417957,1.3408203,0.37860388,0.9824219
st_dens,0,765,P_00533_LEFT_MLO,P_00533,0,2,0.007922944,-2.3417969,0.039400037,-0.73779297,0.8569303,2.3417969,0.0957467,0.15014648
st_dens,0,779,P_00544_LEFT_CC,P_00544,1,1,0.018133163,-1.8671875,0.4843941,1.4179688,0.47409818,1.3964844,0.023374572,-1.6132812
st_dens,0,780,P_00544_LEFT_MLO,P_00544,1,1,0.009106213,-2.2109375,0.32606018,1.3671875,0.6535339,2.0625,0.011299712,-1.9951172
st_dens,0,810,P_00562_RIGHT_CC,P_00562,0,1,0.008141832,-1.6103516,0.95309114,3.1523438,0.03577466,-0.13012695,0.0029922891,-2.6113281
st_dens,0,811,P_00562_RIGHT_MLO,P_00562,0,1,0.012162141,-2.0800781,0.7495115,2.0410156,0.22570443,0.8408203,0.0126219485,-2.0429688
st_dens,0,829,P_00576_LEFT_CC,P_00576,1,1,0.14431879,0.22302246,0.799169,1.9345703,0.040731836,-1.0419922,0.015780387,-1.9902344
st_dens,0,830,P_00576_LEFT_MLO,P_00576,1,1,0.07308637,-0.42163086,0.85105425,2.0332031,0.06210336,-0.58447266,0.013756011,-2.0917969
st_dens,0,845,P_00587_RIGHT_CC,P_00587,0,1,0.1442468,0.4814453,0.824428,2.2246094,0.020299338,-1.4794922,0.011025786,-2.0898438
st_dens,0,846,P_00587_RIGHT_MLO,P_00587,0,1,0.49145442,1.6767578,0.46712086,1.6259766,0.030870195,-1.0908203,0.010554464,-2.1640625
st_dens,0,864,P_00598_LEFT_CC,P_00598,1,1,0.48252887,2.2050781,0.5076651,2.2558594,0.0065421085,-2.0957031,0.0032639788,-2.7910156
st_dens,0,865,P_00598_LEFT_MLO,P_00598,1,1,0.8700481,3.1464844,0.122917965,1.1894531,0.0033796334,-2.4042969,0.003654255,-2.3261719
st_dens,0,877,P_00608_LEFT_CC,P_00608,0,2,0.02384192,-1.6669922,0.12675452,0.0038146973,0.7548533,1.7880859,0.09455019,-0.28930664
st_dens,0,882,P_00612_RIGHT_MLO,P_00612,0,2,0.0045311423,-2.1425781,0.004323646,-2.1894531,0.057497725,0.39819336,0.9336475,3.1855469
st_dens,0,885,P_00615_RIGHT_CC,P_00615,0,1,0.26405025,0.80908203,0.6779072,1.7519531,0.03540532,-1.2001953,0.022637242,-1.6474609
st_dens,0,886,P_00615_RIGHT_MLO,P_00615,0,1,0.10696398,-0.23242188,0.7819181,1.7568359,0.089001596,-0.41625977,0.022116419,-1.8085938
st_dens,0,892,P_00623_LEFT_CC,P_00623,0,1,0.032948717,0.16784668,0.9592657,3.5390625,0.006649146,-1.4326172,0.0011364244,-3.1992188
st_dens,0,893,P_00623_LEFT_MLO,P_00623,0,1,0.017409021,-0.99609375,0.9467946,3.0,0.03194201,-0.38916016,0.0038542484,-2.5039062
st_dens,0,902,P_00629_RIGHT_CC,P_00629,0,2,0.03778045,-1.4492188,0.26109838,0.48388672,0.63033086,1.3652344,0.07079026,-0.82128906
st_dens,0,903,P_00629_RIGHT_MLO,P_00629,0,2,0.026494145,-1.6367188,0.5177953,1.3359375,0.43010664,1.1503906,0.025603885,-1.6708984
st_dens,0,916,P_00636_RIGHT_CC,P_00636,1,1,0.3250705,0.8769531,0.58575946,1.4658203,0.066787936,-0.7055664,0.022382084,-1.7988281
st_dens,0,917,P_00636_RIGHT_MLO,P_00636,1,1,0.023180667,-1.6923828,0.53120846,1.4394531,0.42517397,1.2167969,0.0204369,-1.8183594
st_dens,0,926,P_00641_RIGHT_CC,P_00641,1,1,0.02451895,-1.7431641,0.42870727,1.1181641,0.516615,1.3046875,0.030158821,-1.5361328
st_dens,0,927,P_00641_RIGHT_MLO,P_00641,1,1,0.018404981,-1.8857422,0.4441734,1.2978516,0.51777214,1.4511719,0.019649481,-1.8203125
st_dens,0,935,P_00646_LEFT_CC,P_00646,1,2,0.027680533,-1.6660156,0.40320307,1.0126953,0.53520155,1.2958984,0.033914898,-1.4628906
st_dens,0,940,P_00649_LEFT_CC,P_00649,0,2,0.079361916,-0.8413086,0.7423779,1.3945312,0.11326514,-0.4855957,0.06499507,-1.0410156
st_dens,0,950,P_00656_RIGHT_MLO,P_00656,1,0,0.13250598,-0.024932861,0.78559667,1.7548828,0.053226102,-0.9370117,0.0286713,-1.5556641
st_dens,0,958,P_00662_LEFT_CC,P_00662,0,1,0.014705342,-1.6855469,0.87152284,2.3964844,0.10511003,0.28125,0.008661726,-2.2148438
st_dens,0,959,P_00662_LEFT_MLO,P_00662,0,1,0.016633091,-0.9716797,0.95078945,3.0742188,0.029521672,-0.39794922,0.0030558514,-2.6660156
st_dens,0,973,P_00671_LEFT_CC,P_00671,0,0,0.9664279,3.9609375,0.029062724,0.4567871,0.0008744101,-3.046875,0.003634963,-1.6220703
st_dens,0,974,P_00671_LEFT_MLO,P_00671,0,0,0.8445233,2.7128906,0.13908169,0.9091797,0.0075902026,-1.9990234,0.008804789,-1.8505859
st_dens,0,981,P_00677_RIGHT_CC,P_00677,1,1,0.08073662,0.7441406,0.9078818,3.1640625,0.009391689,-1.4072266,0.0019898661,-2.9589844
st_dens,0,982,P_00677_RIGHT_MLO,P_00677,1,1,0.19882497,1.0966797,0.77644795,2.4589844,0.019705573,-1.2148438,0.0050214264,-2.5820312
st_dens,0,985,P_00679_LEFT_MLO,P_00679,0,1,0.20221299,0.9628906,0.7661306,2.2949219,0.02501505,-1.1269531,0.006641288,-2.453125
st_dens,0,990,P_00681_LEFT_MLO,P_00681,1,1,0.01718847,-1.953125,0.62028325,1.6328125,0.343558,1.0419922,0.018970244,-1.8544922
st_dens,0,1011,P_00699_RIGHT_CC,P_00699,0,2,0.02194051,-1.9423828,0.111695476,-0.3149414,0.68121755,1.4931641,0.18514648,0.19042969
st_dens,0,1012,P_00699_RIGHT_MLO,P_00699,0,2,0.004763401,-2.5019531,0.009012903,-1.8642578,0.57587105,2.2929688,0.41035256,1.9541016
st_dens,0,1027,P_00707_RIGHT_CC,P_00707,0,1,0.74839896,2.5429688,0.23641586,1.390625,0.008073922,-1.9863281,0.007111308,-2.1132812
st_dens,0,1028,P_00707_RIGHT_MLO,P_00707,0,1,0.31805325,1.5585938,0.66417587,2.2949219,0.013269406,-1.6181641,0.0045014806,-2.6992188
st_dens,0,1049,P_00718_RIGHT_MLO,P_00718,0,2,0.013213707,-2.1054688,0.0901011,-0.18579102,0.8239148,2.0273438,0.0727704,-0.39941406
st_dens,0,1077,P_00738_RIGHT_CC,P_00738,0,1,0.019125195,-1.5556641,0.8188022,2.2011719,0.15265112,0.5214844,0.009421542,-2.2636719
st_dens,0,1078,P_00738_RIGHT_MLO,P_00738,0,1,0.012750959,-1.8710938,0.8463381,2.3242188,0.13099988,0.4584961,0.00991108,-2.1230469
st_dens,0,1081,P_00741_LEFT_CC,P_00741,1,1,0.010946377,-1.3964844,0.9402384,3.0566406,0.04537078,0.025375366,0.0034444302,-2.5527344
st_dens,0,1082,P_00741_LEFT_MLO,P_00741,1,1,0.19289994,0.7207031,0.7584768,2.0898438,0.038714513,-0.8852539,0.009908783,-2.2480469
st_dens,0,1104,P_00758_LEFT_CC,P_00758,1,2,0.030098908,-1.6533203,0.09453972,-0.50878906,0.31842136,0.7055664,0.55694,1.2646484
st_dens,0,1105,P_00758_LEFT_MLO,P_00758,1,2,0.04103045,-1.4697266,0.588971,1.1943359,0.2934184,0.4975586,0.076580144,-0.8457031
st_dens,0,1114,P_00766_LEFT_CC,P_00766,0,2,0.012262086,-2.1953125,0.03707554,-1.0888672,0.51331365,1.5390625,0.4373487,1.3789062
st_dens,0,1115,P_00766_LEFT_MLO,P_00766,0,2,0.026359906,-1.8554688,0.090446115,-0.6225586,0.47506216,1.0361328,0.40813184,0.88427734
st_dens,0,1127,P_00773_LEFT_CC,P_00773,1,3,0.013531447,-1.7851562,0.018749898,-1.4589844,0.078304194,-0.029571533,0.8894144,2.4003906
st_dens,0,1128,P_00773_LEFT_MLO,P_00773,1,3,0.003229032,-2.1191406,0.002630317,-2.3242188,0.014656411,-0.6064453,0.97948426,3.5957031
st_dens,0,1150,P_00788_RIGHT_MLO,P_00788,0,0,0.4825916,1.4521484,0.45735496,1.3984375,0.04389102,-0.9453125,0.016162382,-1.9443359
st_dens,0,1151,P_00790_RIGHT_MLO,P_00790,0,2,0.01002244,-2.2128906,0.046866685,-0.67041016,0.8508475,2.2285156,0.09226349,0.006931305
st_dens,0,1179,P_00811_LEFT_CC,P_00811,0,3,0.007479298,-2.0390625,0.008795571,-1.8769531,0.13263847,0.8364258,0.8510867,2.6953125
st_dens,0,1182,P_00813_RIGHT_MLO,P_00813,1,0,0.14262913,-0.59521484,0.5382767,0.73291016,0.10419695,-0.9091797,0.2148972,-0.18530273
st_dens,0,1195,P_00820_LEFT_CC,P_00820,1,2,0.0042086435,-2.3183594,0.004393425,-2.2753906,0.12420159,1.0664062,0.86719626,3.0097656
st_dens,0,1196,P_00820_LEFT_MLO,P_00820,1,2,0.0056990255,-2.3710938,0.008622349,-1.9570312,0.28721094,1.5488281,0.6984676,2.4375
st_dens,0,1197,P_00820_RIGHT_CC,P_00820,0,2,0.009006043,-2.2832031,0.04666131,-0.6381836,0.85794187,2.2734375,0.08639087,-0.022216797
st_dens,0,1198,P_00820_RIGHT_MLO,P_00820,0,2,0.008623222,-2.2714844,0.019019682,-1.4804688,0.6176631,2.0,0.35469407,1.4453125
st_dens,0,1220,P_00837_RIGHT_CC,P_00837,0,3,0.011902218,-1.6240234,0.013251976,-1.5166016,0.026561402,-0.82128906,0.9482844,2.7539062
st_dens,0,1221,P_00837_RIGHT_MLO,P_00837,0,3,0.014899522,-1.5058594,0.012907063,-1.6494141,0.032211557,-0.7348633,0.93998176,2.6386719
st_dens,0,1273,P_00875_RIGHT_CC,P_00875,1,1,0.052468374,-0.75878906,0.8677249,2.046875,0.06416017,-0.5576172,0.015646538,-1.96875
st_dens,0,1274,P_00875_RIGHT_MLO,P_00875,1,1,0.02593243,-1.3144531,0.8194386,2.1386719,0.143584,0.39697266,0.011045011,-2.1679688
st_dens,0,1279,P_00879_RIGHT_MLO,P_00879,1,2,0.04128543,-1.6269531,0.21876994,0.04055786,0.41757932,0.6870117,0.3223653,0.42822266
st_dens,0,1299,P_00893_LEFT_CC,P_00893,0,2,0.02166606,-1.2099609,0.8868368,2.5019531,0.084578946,0.15197754,0.006918129,-2.3515625
st_dens,0,1300,P_00893_LEFT_MLO,P_00893,0,2,0.019398438,-1.7128906,0.731484,1.9169922,0.23402478,0.77734375,0.015092772,-1.9638672
st_dens,0,1330,P_00919_RIGHT_MLO,P_00919,1,1,0.14630136,-0.49389648,0.15788086,-0.4177246,0.10215975,-0.85302734,0.59365803,0.9067383
st_dens,0,1334,P_00922_RIGHT_CC,P_00922,0,2,0.07344089,-0.87060547,0.63847244,1.2919922,0.24004036,0.3137207,0.04804627,-1.2949219
st_dens,0,1335,P_00922_RIGHT_MLO,P_00922,0,2,0.035703823,-1.5214844,0.4712251,1.0585938,0.44789314,1.0078125,0.04517796,-1.2861328
st_dens,0,1348,P_00928_RIGHT_CC,P_00928,0,1,0.01268151,-2.1171875,0.2782511,0.9711914,0.69374067,1.8847656,0.015326727,-1.9277344
st_dens,0,1349,P_00928_RIGHT_MLO,P_00928,0,1,0.020170916,-1.8212891,0.33653256,0.99316406,0.6207942,1.6054688,0.022502284,-1.7119141
st_dens,0,1356,P_00932_LEFT_MLO,P_00932,1,1,0.1278174,-0.46142578,0.619688,1.1171875,0.17451385,-0.15002441,0.07798077,-0.9555664
st_dens,0,1368,P_00942_LEFT_CC,P_00942,1,1,0.037319466,-0.9404297,0.8354024,2.1679688,0.115500614,0.18933105,0.011777545,-2.09375
st_dens,0,1373,P_00947_RIGHT_CC,P_00947,1,0,0.98646146,4.796875,0.011762601,0.36767578,0.0002502806,-3.4824219,0.0015256866,-1.6748047
st_dens,0,1374,P_00947_RIGHT_MLO,P_00947,1,0,0.90418226,3.3417969,0.08813819,1.0136719,0.0028554187,-2.4160156,0.00482414,-1.8916016
st_dens,0,1378,P_00951_LEFT_CC,P_00951,0,0,0.92318255,3.5039062,0.071327366,0.9433594,0.001897101,-2.6835938,0.0035930406,-2.0449219
st_dens,0,1379,P_00951_RIGHT_CC,P_00951,1,0,0.14473878,0.9370117,0.838218,2.6933594,0.013508898,-1.4345703,0.0035343457,-2.7753906
st_dens,0,1380,P_00951_RIGHT_MLO,P_00951,1,0,0.09749438,0.54833984,0.877914,2.7460938,0.020838995,-0.9946289,0.0037526812,-2.7089844
st_dens,0,1396,P_00962_RIGHT_CC,P_00962,1,1,0.04372382,-0.69189453,0.8633353,2.2910156,0.08464072,-0.03137207,0.008300137,-2.3535156
st_dens,0,1397,P_00962_RIGHT_MLO,P_00962,1,1,0.024102153,-1.2041016,0.87917227,2.3925781,0.08760416,0.08642578,0.009121384,-2.1757812
st_dens,0,1402,P_00966_RIGHT_MLO,P_00966,0,0,0.009122488,-1.2851562,0.97137386,3.3828125,0.017345287,-0.6425781,0.0021583335,-2.7265625
st_dens,0,1422,P_00979_LEFT_CC,P_00979,0,2,0.007968605,-2.2011719,0.01354182,-1.6708984,0.5171644,1.9716797,0.46132517,1.8574219
st_dens,0,1423,P_00979_LEFT_MLO,P_00979,0,2,0.005285304,-2.2070312,0.0066227852,-1.9814453,0.11472831,0.87060547,0.8733636,2.9003906
st_dens,0,1424,P_00980_LEFT_CC,P_00980,0,1,0.17882417,0.48046875,0.7707318,1.9414062,0.037337445,-1.0859375,0.013106675,-2.1328125
st_dens,0,1425,P_00980_LEFT_MLO,P_00980,0,1,0.3873706,1.4873047,0.5775505,1.8867188,0.026776023,-1.1845703,0.008302929,-2.3554688
st_dens,0,1433,P_00985_RIGHT_CC,P_00985,1,1,0.012028046,-2.078125,0.68755347,1.9677734,0.28689495,1.09375,0.013523497,-1.9609375
st_dens,0,1434,P_00985_RIGHT_MLO,P_00985,1,1,0.033213075,-1.4277344,0.69843495,1.6181641,0.24541327,0.5722656,0.02293872,-1.7978516
st_dens,0,1435,P_00986_LEFT_MLO,P_00986,1,3,0.037645258,-1.2958984,0.050830673,-0.99560547,0.09475577,-0.37280273,0.8167683,1.78125
st_dens,0,1436,P_00987_LEFT_CC,P_00987,1,3,0.013790757,-1.8984375,0.019562375,-1.5488281,0.25097814,1.0029297,0.71566874,2.0507812
st_dens,0,1437,P_00987_LEFT_MLO,P_00987,1,3,0.014083524,-2.0898438,0.0857471,-0.28344727,0.82253295,1.9775391,0.07763644,-0.3828125
st_dens,0,1472,P_01014_LEFT_CC,P_01014,1,1,0.9523879,3.8925781,0.043554433,0.8076172,0.0011282763,-2.8457031,0.0029293858,-1.8916016
st_dens,0,1473,P_01014_LEFT_MLO,P_01014,1,1,0.93644106,3.6328125,0.058278378,0.85595703,0.0018434115,-2.5976562,0.003437226,-1.9746094
st_dens,0,1506,P_01044_LEFT_MLO,P_01044,1,1,0.009650871,-2.1269531,0.03325991,-0.88964844,0.794096,2.2832031,0.16299316,0.69970703
st_dens,0,1540,P_01067_LEFT_CC,P_01067,1,1,0.0670978,-0.38354492,0.8439841,2.1484375,0.078063175,-0.23217773,0.010854916,-2.2050781
st_dens,0,1541,P_01068_RIGHT_MLO,P_01068,1,1,0.26372382,0.5029297,0.64385945,1.3955078,0.051576514,-1.1289062,0.040840242,-1.3623047
st_dens,0,1567,P_01090_LEFT_CC,P_01090,0,0,0.936009,3.5664062,0.05743245,0.7753906,0.0015156493,-2.859375,0.0050429553,-1.6572266
st_dens,0,1568,P_01090_LEFT_MLO,P_01090,0,0,0.97692204,4.0703125,0.017497675,0.047973633,0.0006790385,-3.2011719,0.0049012243,-1.2246094
st_dens,0,1569,P_01090_RIGHT_MLO,P_01090,0,0,0.7765107,2.5625,0.20355642,1.2236328,0.010569109,-1.734375,0.009363712,-1.8554688
st_dens,0,1585,P_01101_LEFT_CC,P_01101,0,1,0.10216735,0.14892578,0.8634099,2.2832031,0.02466106,-1.2724609,0.009761712,-2.1992188
st_dens,0,1591,P_01106_LEFT_MLO,P_01106,0,0,0.64829636,1.7744141,0.2979734,0.9970703,0.031131344,-1.2617188,0.022598932,-1.5820312
st_dens,0,1598,P_01110_RIGHT_CC,P_01110,1,3,0.0047687353,-2.3457031,0.00679099,-1.9921875,0.2806972,1.7294922,0.70774305,2.6542969
st_dens,0,1603,P_01114_RIGHT_MLO,P_01114,1,2,0.038958315,-1.4169922,0.6576442,1.4091797,0.26545292,0.5019531,0.037944514,-1.4433594
st_dens,0,1610,P_01119_LEFT_CC,P_01119,1,2,0.0352305,-1.6943359,0.3002124,0.4482422,0.5210051,0.9995117,0.14355199,-0.28955078
st_dens,0,1611,P_01119_LEFT_MLO,P_01119,1,2,0.018802345,-1.3115234,0.9032974,2.5605469,0.071754135,0.027740479,0.0061460985,-2.4296875
st_dens,0,1645,P_01140_LEFT_CC,P_01140,1,1,0.030154107,-0.94970703,0.9008096,2.4472656,0.061166313,-0.24243164,0.007870011,-2.2929688
st_dens,0,1646,P_01140_LEFT_MLO,P_01140,1,1,0.021186022,-1.4667969,0.8629639,2.2402344,0.10323633,0.116882324,0.012613743,-1.9853516
st_dens,0,1652,P_01145_LEFT_MLO,P_01145,0,1,0.011659741,-2.2148438,0.27087292,0.93066406,0.69848615,1.8779297,0.018981157,-1.7275391
st_dens,0,1690,P_01167_LEFT_MLO,P_01167,1,1,0.07008103,-0.35888672,0.853345,2.140625,0.06638379,-0.41308594,0.010190231,-2.2871094
st_dens,0,1714,P_01183_LEFT_CC,P_01183,0,1,0.018219445,-1.3173828,0.899558,2.5820312,0.07613768,0.1126709,0.006084897,-2.4140625
st_dens,0,1715,P_01183_LEFT_MLO,P_01183,0,1,0.015501509,-2.015625,0.54965824,1.5527344,0.42061526,1.2851562,0.014224984,-2.1015625
st_dens,0,1722,P_01187_LEFT_MLO,P_01187,0,1,0.40457824,1.1982422,0.5365028,1.4804688,0.040968608,-1.0917969,0.01795037,-1.9169922
st_dens,0,1729,P_01192_LEFT_CC,P_01192,0,2,0.014611469,-1.9492188,0.032575633,-1.1474609,0.54296297,1.6660156,0.40984994,1.3847656
st_dens,0,1730,P_01192_LEFT_MLO,P_01192,0,2,0.012339008,-1.8935547,0.03551285,-0.8364258,0.78993076,2.265625,0.16221741,0.6826172
st_dens,0,1745,P_01204_RIGHT_CC,P_01204,1,0,0.9707037,4.0976562,0.02591895,0.47460938,0.0006240105,-3.2519531,0.0027532636,-1.7675781
st_dens,0,1746,P_01204_RIGHT_MLO,P_01204,1,0,0.92338324,3.2695312,0.0684759,0.66796875,0.0029677674,-2.4707031,0.00517311,-1.9150391
st_dens,0,1753,P_01210_RIGHT_MLO,P_01210,1,1,0.015922029,-2.0585938,0.7709214,1.8212891,0.16762134,0.29541016,0.045535166,-1.0078125
st_dens,0,1756,P_01213_LEFT_CC,P_01213,1,1,0.20430242,0.5644531,0.7393225,1.8505859,0.037278973,-1.1367188,0.019096103,-1.8056641
st_dens,0,1757,P_01213_LEFT_MLO,P_01213,1,1,0.35402885,1.4560547,0.6135017,2.0058594,0.02432839,-1.2216797,0.008141036,-2.3164062
st_dens,0,1762,P_01217_RIGHT_MLO,P_01217,1,3,0.0029230772,-1.9716797,0.0018707657,-2.4179688,0.007012097,-1.0966797,0.988194,3.8515625
st_dens,0,1772,P_01224_RIGHT_MLO,P_01224,0,1,0.08097773,-0.09033203,0.85919046,2.2714844,0.05182565,-0.5366211,0.008006145,-2.4042969
st_dens,0,1789,P_01235_RIGHT_MLO,P_01235,1,1,0.08042213,-1.1113281,0.40051785,0.49414062,0.09229453,-0.9736328,0.42676556,0.5576172
st_dens,0,1808,P_01251_LEFT_CC,P_01251,0,1,0.16087422,0.45410156,0.77577686,2.0273438,0.053545143,-0.6459961,0.009803811,-2.34375
st_dens,0,1809,P_01251_LEFT_MLO,P_01251,0,1,0.053282272,-0.9238281,0.78221303,1.7626953,0.1427867,0.061920166,0.021718029,-1.8212891
st_dens,0,1812,P_01253_RIGHT_MLO,P_01253,1,1,0.43831697,1.2539062,0.49089172,1.3671875,0.047921456,-0.95947266,0.022869801,-1.6992188
st_dens,0,1813,P_01254_RIGHT_CC,P_01254,0,1,0.046836533,-0.6748047,0.86411214,2.2402344,0.08093615,-0.12780762,0.008115158,-2.4277344
st_dens,0,1814,P_01254_RIGHT_MLO,P_01254,0,1,0.013873573,-1.5537109,0.90746033,2.6269531,0.07120371,0.081848145,0.007462337,-2.1738281
st_dens,0,1819,P_01257_RIGHT_CC,P_01257,0,1,0.37525505,0.5683594,0.43339467,0.71240234,0.043354165,-1.5898438,0.1479961,-0.36206055
st_dens,0,1820,P_01257_RIGHT_MLO,P_01257,0,1,0.08140475,0.17578125,0.8803266,2.5566406,0.033408444,-0.71484375,0.0048601744,-2.6425781
st_dens,0,1854,P_01277_RIGHT_CC,P_01277,1,0,0.32253802,1.5410156,0.65665483,2.2519531,0.015159142,-1.5166016,0.0056479867,-2.5039062
st_dens,0,1855,P_01277_RIGHT_MLO,P_01277,1,0,0.8740898,2.90625,0.11178109,0.8496094,0.006500089,-1.9951172,0.0076291175,-1.8349609
st_dens,0,1874,P_01294_RIGHT_CC,P_01294,1,1,0.96671695,3.9414062,0.029085612,0.43774414,0.0008510789,-3.09375,0.0033464164,-1.7246094
st_dens,0,1875,P_01294_RIGHT_MLO,P_01294,1,1,0.8836959,3.3105469,0.10974675,1.2246094,0.0032626851,-2.2910156,0.0032947033,-2.28125
st_dens,0,1880,P_01298_LEFT_CC,P_01298,1,2,0.04791485,-1.3623047,0.31659046,0.5258789,0.55482024,1.0869141,0.08067441,-0.8413086
st_dens,0,1881,P_01298_LEFT_MLO,P_01298,1,2,0.012863817,-2.1328125,0.08496469,-0.24499512,0.84059155,2.046875,0.061579954,-0.56689453
st_dens,0,1910,P_01316_RIGHT_CC,P_01316,0,1,0.8410774,2.609375,0.13656662,0.7915039,0.009243693,-1.9013672,0.013112301,-1.5517578
st_dens,0,1911,P_01316_RIGHT_MLO,P_01316,0,1,0.36439702,1.2255859,0.585155,1.6992188,0.037444256,-1.0498047,0.013003729,-2.1074219
st_dens,0,1917,P_01322_RIGHT_CC,P_01322,0,3,0.061340533,-0.7285156,0.8451277,1.8945312,0.06944008,-0.6044922,0.024091776,-1.6630859
st_dens,0,1918,P_01322_RIGHT_MLO,P_01322,0,3,0.080032766,-0.8129883,0.6849932,1.3339844,0.17752525,-0.016311646,0.057448752,-1.1445312
st_dens,0,1919,P_01323_LEFT_CC,P_01323,1,1,0.21429713,0.43115234,0.71686184,1.6386719,0.03722108,-1.3193359,0.031619985,-1.4824219
st_dens,0,1920,P_01323_LEFT_MLO,P_01323,1,1,0.05911126,-0.96191406,0.8104466,1.65625,0.08162825,-0.63916016,0.048813906,-1.1533203
st_dens,0,1930,P_01331_LEFT_CC,P_01331,0,1,0.036089886,-1.0097656,0.8039429,2.09375,0.14878711,0.40673828,0.011180125,-2.1816406
st_dens,0,1931,P_01331_LEFT_MLO,P_01331,0,1,0.016280549,-1.9951172,0.14876582,0.21728516,0.7829101,1.8779297,0.052043527,-0.8330078
st_dens,0,1934,P_01333_LEFT_CC,P_01333,1,1,0.115053795,0.82666016,0.8715752,2.8515625,0.0104180975,-1.5751953,0.0029529426,-2.8359375
st_dens,0,1935,P_01333_LEFT_MLO,P_01333,1,1,0.1511633,0.6591797,0.81161386,2.3398438,0.030456819,-0.9428711,0.006766035,-2.4472656
st_dens,0,1956,P_01347_RIGHT_CC,P_01347,1,3,0.006100751,-2.171875,0.0096353935,-1.7148438,0.098077275,0.60546875,0.8861866,2.8066406
st_dens,0,1957,P_01347_RIGHT_MLO,P_01347,1,3,0.00861367,-1.9287109,0.011377876,-1.6503906,0.047460295,-0.22216797,0.9325481,2.7558594
st_dens,0,1958,P_01348_LEFT_MLO,P_01348,1,1,0.08608371,-0.46313477,0.76744306,1.7246094,0.12614098,-0.08105469,0.020332182,-1.90625
st_dens,0,1962,P_01351_LEFT_CC,P_01351,1,1,0.01437681,-2.0703125,0.60478574,1.6689453,0.3668211,1.1689453,0.014016368,-2.0957031
st_dens,0,1998,P_01378_LEFT_CC,P_01378,0,2,0.0058153747,-2.3457031,0.02480856,-0.89501953,0.8957081,2.6914062,0.073667936,0.19335938
st_dens,0,1999,P_01378_RIGHT_CC,P_01378,0,2,0.014072694,-2.0195312,0.069624275,-0.4206543,0.8083681,2.03125,0.10793495,0.01776123
st_dens,0,2000,P_01378_RIGHT_MLO,P_01378,0,2,0.051567957,-1.4658203,0.25163594,0.119262695,0.4576048,0.71728516,0.2391912,0.06854248
st_dens,0,2003,P_01381_RIGHT_CC,P_01381,0,1,0.020561619,-0.7260742,0.95602274,3.1132812,0.020946695,-0.70751953,0.0024689608,-2.8457031
st_dens,0,2004,P_01381_RIGHT_MLO,P_01381,0,1,0.1814751,0.80371094,0.7859858,2.2695312,0.026323298,-1.1269531,0.0062158033,-2.5703125
st_dens,0,2026,P_01395_RIGHT_CC,P_01395,0,0,0.7400686,2.5878906,0.24813412,1.4951172,0.005910112,-2.2421875,0.0058870707,-2.2460938
st_dens,0,2027,P_01395_RIGHT_MLO,P_01395,0,0,0.77067065,2.6816406,0.21653014,1.4121094,0.006680643,-2.0664062,0.0061185397,-2.1542969
st_dens,0,2055,P_01415_RIGHT_MLO,P_01415,0,2,0.048102133,-1.0605469,0.76131356,1.7011719,0.16386363,0.16516113,0.02672063,-1.6484375
st_dens,0,2056,P_01416_RIGHT_CC,P_01416,0,0,0.7662174,2.4726562,0.21527895,1.203125,0.009941714,-1.8720703,0.008561928,-2.0214844
st_dens,0,2057,P_01416_RIGHT_MLO,P_01416,0,0,0.07470159,0.07562256,0.8911978,2.5546875,0.026885575,-0.94628906,0.007214986,-2.2617188
st_dens,0,2134,P_01477_LEFT_CC,P_01477,0,1,0.20893212,1.1259766,0.7709885,2.4316406,0.015539368,-1.4726562,0.004539913,-2.703125
st_dens,0,2141,P_01483_LEFT_CC,P_01483,1,0,0.8712738,3.2363281,0.12297099,1.2783203,0.0026616352,-2.5546875,0.0030935872,-2.4042969
st_dens,0,2150,P_01489_RIGHT_MLO,P_01489,1,2,0.12023636,-0.08770752,0.8072014,1.8164062,0.038086593,-1.2373047,0.034475636,-1.3369141
st_dens,0,2164,P_01502_LEFT_CC,P_01502,0,1,0.028352909,-0.5961914,0.937545,2.9023438,0.030240519,-0.5317383,0.0038615833,-2.5898438
st_dens,0,2165,P_01502_LEFT_MLO,P_01502,0,1,0.075387724,-0.05307007,0.86982554,2.3925781,0.047492787,-0.5151367,0.0072939317,-2.3886719
st_dens,0,2177,P_01510_RIGHT_CC,P_01510,0,3,0.011839416,-1.8652344,0.018070592,-1.4423828,0.08827594,0.14379883,0.88181406,2.4453125
st_dens,0,2178,P_01510_RIGHT_MLO,P_01510,0,3,0.0047285752,-2.1484375,0.005244288,-2.0449219,0.03826851,-0.057434082,0.9517586,3.15625
st_dens,0,2179,P_01512_LEFT_CC,P_01512,0,2,0.032808512,-1.421875,0.051690698,-0.96728516,0.1291163,-0.051849365,0.7863844,1.7548828
st_dens,0,2180,P_01512_LEFT_MLO,P_01512,0,2,0.09849333,-0.9477539,0.23834446,-0.06402588,0.29783994,0.15881348,0.36532226,0.3630371
st_dens,0,2188,P_01518_LEFT_CC,P_01518,0,3,0.0013309078,-2.4121094,0.0011608383,-2.5488281,0.008018567,-0.61621094,0.98948973,4.1992188
st_dens,0,2189,P_01518_LEFT_MLO,P_01518,0,3,0.0041117235,-2.0,0.0035307086,-2.1523438,0.013389978,-0.81933594,0.9789676,3.4726562
st_dens,0,2201,P_01534_RIGHT_CC,P_01534,1,2,0.026701357,-1.3232422,0.82338625,2.1054688,0.13915569,0.32763672,0.010756764,-2.2324219
st_dens,0,2202,P_01534_RIGHT_MLO,P_01534,1,2,0.030693023,-1.4462891,0.21325997,0.4921875,0.7013041,1.6826172,0.05474295,-0.8676758
st_dens,0,2204,P_01539_RIGHT_CC,P_01539,0,1,0.034072768,-1.5771484,0.13609949,-0.19226074,0.06710327,-0.89941406,0.7627245,1.53125
st_dens,0,2205,P_01539_RIGHT_MLO,P_01539,0,1,0.08410416,-1.0107422,0.6079443,0.96728516,0.12650213,-0.60253906,0.18144941,-0.24182129
st_dens,0,2214,P_01546_LEFT_CC,P_01546,1,2,0.09437453,-0.6894531,0.49448717,0.9667969,0.3474059,0.61376953,0.0637324,-1.0820312
st_dens,0,2215,P_01546_LEFT_MLO,P_01546,1,2,0.02992545,-1.6875,0.23780791,0.3852539,0.64927596,1.3896484,0.08299073,-0.66748047
st_dens,0,2220,P_01551_LEFT_CC,P_01551,0,1,0.080470346,0.051818848,0.87785035,2.4414062,0.0359688,-0.75341797,0.0057105757,-2.59375
st_dens,0,2221,P_01551_LEFT_MLO,P_01551,0,1,0.4788497,1.8212891,0.49405003,1.8525391,0.019458069,-1.3818359,0.007642246,-2.3164062
st_dens,0,2226,P_01558_RIGHT_CC,P_01558,1,1,0.06629464,-1.2050781,0.596385,0.9916992,0.15953812,-0.3269043,0.17778222,-0.21862793
st_dens,0,2227,P_01558_RIGHT_MLO,P_01558,1,1,0.031966902,-1.4052734,0.772976,1.7802734,0.16868469,0.25805664,0.026372407,-1.5976562
st_dens,0,2264,P_01578_LEFT_MLO,P_01578,0,1,0.14373468,-0.043060303,0.7568714,1.6181641,0.06753794,-0.79833984,0.031855963,-1.5498047
st_dens,0,2278,P_01590_LEFT_CC,P_01590,0,2,0.0059411805,-1.8701172,0.0069459444,-1.7138672,0.01775442,-0.7753906,0.96935844,3.2246094
st_dens,0,2279,P_01590_LEFT_MLO,P_01590,0,2,0.034371953,-1.7314453,0.29933026,0.43286133,0.50806034,0.96191406,0.15823738,-0.20458984
st_dens,0,2284,P_01595_LEFT_CC,P_01595,0,1,0.026055701,-0.59521484,0.94534045,2.9960938,0.025589194,-0.61328125,0.0030146937,-2.7519531
st_dens,0,2285,P_01595_LEFT_MLO,P_01595,0,1,0.50054985,1.8515625,0.47022307,1.7890625,0.020944562,-1.3222656,0.008282498,-2.25
st_dens,0,2289,P_01599_LEFT_CC,P_01599,0,1,0.07004987,-0.29052734,0.8869438,2.2480469,0.031992964,-1.0742188,0.011013367,-2.140625
st_dens,0,2290,P_01599_LEFT_MLO,P_01599,0,1,0.1895751,0.52197266,0.7501502,1.8974609,0.04496212,-0.9169922,0.015312537,-1.9941406
st_dens,0,2309,P_01614_LEFT_MLO,P_01614,0,1,0.17975937,0.15698242,0.7294231,1.5576172,0.05212174,-1.0810547,0.03869578,-1.3789062
st_dens,0,2312,P_01617_LEFT_CC,P_01617,1,1,0.037837848,0.14416504,0.9517339,3.3691406,0.00885983,-1.3076172,0.0015684413,-3.0390625
st_dens,0,2313,P_01617_LEFT_MLO,P_01617,1,1,0.26954195,1.1660156,0.6991386,2.1191406,0.024779215,-1.2207031,0.0065402403,-2.5527344
st_dens,0,2320,P_01623_RIGHT_CC,P_01623,1,2,0.042197227,-1.5361328,0.190383,-0.029449463,0.43077964,0.7871094,0.33664018,0.54052734
st_dens,0,2321,P_01623_RIGHT_MLO,P_01623,0,2,0.018274825,-1.7851562,0.03797658,-1.0537109,0.32361284,1.0888672,0.6201358,1.7392578
st_dens,0,2351,P_01640_LEFT_MLO,P_01640,1,3,0.029153477,-1.7734375,0.2713168,0.4572754,0.59944946,1.25,0.100080274,-0.54003906
st_dens,0,2356,P_01643_RIGHT_CC,P_01643,0,1,0.019468104,-0.8857422,0.93345684,2.984375,0.0432077,-0.08850098,0.0038673389,-2.5019531
st_dens,0,2361,P_01645_RIGHT_CC,P_01645,0,3,0.009810254,-2.2207031,0.02708698,-1.2050781,0.7349735,2.0957031,0.22812928,0.92578125
st_dens,0,2369,P_01651_RIGHT_CC,P_01651,1,1,0.6886887,1.9111328,0.26499507,0.9560547,0.026238065,-1.3564453,0.02007817,-1.6240234
st_dens,0,2370,P_01651_RIGHT_MLO,P_01651,1,1,0.10749032,0.69189453,0.8735939,2.7871094,0.01572163,-1.2304688,0.0031940432,-2.8242188
st_dens,0,2384,P_01661_LEFT_CC,P_01661,1,2,0.1603714,1.1308594,0.82725865,2.7714844,0.009472482,-1.6982422,0.0028974195,-2.8828125
st_dens,0,2385,P_01661_LEFT_MLO,P_01661,1,2,0.030157335,-1.1542969,0.82309276,2.1523438,0.1343006,0.33935547,0.0124492785,-2.0390625
st_dens,0,2392,P_01666_RIGHT_CC,P_01666,1,1,0.46029374,2.0839844,0.52772933,2.2207031,0.0077212336,-2.0039062,0.0042557498,-2.5996094
st_dens,0,2393,P_01666_RIGHT_MLO,P_01666,1,1,0.3709694,1.8916016,0.61823076,2.4023438,0.007542938,-2.0039062,0.0032568749,-2.84375
st_dens,0,2398,P_01670_LEFT_MLO,P_01670,1,2,0.007803499,-2.0605469,0.009711612,-1.8417969,0.123506166,0.7011719,0.8589787,2.640625
st_dens,0,2401,P_01673_RIGHT_CC,P_01673,0,1,0.06260397,-0.06161499,0.8978529,2.6015625,0.03494979,-0.64453125,0.0045933775,-2.6738281
st_dens,0,2402,P_01673_RIGHT_MLO,P_01673,0,1,0.052400097,-0.54785156,0.8514956,2.2402344,0.0881388,-0.02784729,0.007965497,-2.4316406
st_dens,0,2407,P_01677_RIGHT_MLO,P_01677,0,3,0.00793838,-1.4648438,0.0042574154,-2.0878906,0.0110752955,-1.1318359,0.9767289,3.3476562
st_dens,0,2416,P_01684_LEFT_CC,P_01684,0,1,0.011691527,-2.2070312,0.42730463,1.3916016,0.54759943,1.6396484,0.013404402,-2.0703125
st_dens,0,2417,P_01684_LEFT_MLO,P_01684,0,1,0.012478969,-2.0644531,0.7424698,2.0214844,0.23271768,0.8613281,0.012333584,-2.0761719
st_dens,0,2426,P_01690_LEFT_CC,P_01690,0,2,0.014717318,-2.0175781,0.15734008,0.35180664,0.78722733,1.9619141,0.040715262,-1.0
st_dens,0,2427,P_01690_LEFT_MLO,P_01690,0,2,0.020121638,-1.7773438,0.18381943,0.43481445,0.7506476,1.8417969,0.045411278,-0.9633789
st_dens,0,2432,P_01697_LEFT_CC,P_01697,0,1,0.32321295,1.1816406,0.637161,1.8603516,0.027239786,-1.2919922,0.01238632,-2.0800781
st_dens,0,2433,P_01697_LEFT_MLO,P_01697,0,1,0.12979592,0.47070312,0.8203354,2.3144531,0.041810635,-0.6621094,0.008058008,-2.3085938
st_dens,0,2459,P_01716_RIGHT_CC,P_01716,0,2,0.05877428,-1.1484375,0.5753361,1.1328125,0.30991623,0.51416016,0.05597338,-1.1972656
st_dens,0,2460,P_01716_RIGHT_MLO,P_01716,0,2,0.018163498,-1.7626953,0.54499745,1.6386719,0.4227897,1.3847656,0.014049375,-2.0195312
st_dens,0,2464,P_01719_RIGHT_CC,P_01719,1,2,0.012212913,-1.96875,0.01789157,-1.5869141,0.33857965,1.3535156,0.6313158,1.9765625
st_dens,0,2465,P_01719_RIGHT_MLO,P_01719,1,2,0.011309212,-2.0820312,0.020861855,-1.4697266,0.5235218,1.7529297,0.44430718,1.5888672
st_dens,0,2475,P_01726_RIGHT_CC,P_01726,0,0,0.9571273,3.8027344,0.037384667,0.5600586,0.0011836749,-2.8925781,0.0043044076,-1.6015625
st_dens,0,2476,P_01726_RIGHT_MLO,P_01726,0,0,0.8152388,2.6308594,0.16546413,1.0361328,0.009898154,-1.7802734,0.0093988795,-1.8320312
st_dens,0,2530,P_01765_RIGHT_CC,P_01765,0,2,0.01283743,-2.0878906,0.08852397,-0.15698242,0.83071524,2.0820312,0.06792341,-0.421875
st_dens,0,2531,P_01765_RIGHT_MLO,P_01765,0,2,0.018659417,-2.0019531,0.27960622,0.7050781,0.66552067,1.5722656,0.03621368,-1.3388672
st_dens,0,2543,P_01773_RIGHT_MLO,P_01773,0,0,0.9767883,4.2148438,0.020041304,0.32836914,0.00076335896,-2.9394531,0.0024070707,-1.7910156
st_dens,0,2549,P_01778_RIGHT_CC,P_01778,1,1,0.39225265,1.4599609,0.5757625,1.84375,0.021743787,-1.4326172,0.010240992,-2.1855469
st_dens,0,2560,P_01787_LEFT_CC,P_01787,1,0,0.87045056,2.6367188,0.10508328,0.52246094,0.0074286126,-2.1269531,0.017037509,-1.296875
st_dens,0,2561,P_01787_LEFT_MLO,P_01787,1,0,0.5727573,1.9755859,0.3979014,1.6113281,0.020720555,-1.34375,0.008620759,-2.2207031
st_dens,0,2572,P_01795_LEFT_CC,P_01795,0,2,0.023257129,-1.7617188,0.118268155,-0.13537598,0.70605826,1.6513672,0.15241647,0.11828613
st_dens,0,2573,P_01795_LEFT_MLO,P_01795,0,2,0.015720513,-1.8212891,0.13875374,0.3564453,0.7992528,2.1074219,0.046272885,-0.7416992
st_dens,0,2574,P_01796_LEFT_CC,P_01796,0,3,0.023135599,-1.2216797,0.02051703,-1.3417969,0.025860082,-1.1103516,0.9304873,2.4726562
st_dens,0,2575,P_01796_LEFT_MLO,P_01796,0,3,0.008923344,-1.7783203,0.009406541,-1.7255859,0.030572968,-0.546875,0.95109713,2.890625
st_dens,0,2576,P_01797_LEFT_CC,P_01797,0,1,0.073484525,-0.5214844,0.84263,1.9179688,0.06599989,-0.62890625,0.017885474,-1.9345703
st_dens,0,2577,P_01797_LEFT_MLO,P_01797,0,1,0.05129059,-1.1113281,0.6909678,1.4892578,0.23110643,0.39404297,0.026635205,-1.7666016
st_dens,0,2582,P_01800_LEFT_CC,P_01800,1,3,0.009578108,-2.1816406,0.069328085,-0.20227051,0.8723571,2.3300781,0.048736744,-0.5546875
st_dens,0,2583,P_01800_LEFT_MLO,P_01800,1,3,0.009281594,-2.25,0.06643971,-0.28173828,0.875599,2.296875,0.04867959,-0.59277344
st_dens,0,2584,P_01800_RIGHT_CC,P_01800,0,3,0.0031426675,-2.6640625,0.012526977,-1.28125,0.9203549,3.015625,0.06397546,0.34936523
st_dens,0,2594,P_01807_RIGHT_MLO,P_01807,0,2,0.013327465,-1.9677734,0.024753518,-1.3486328,0.31851038,1.2060547,0.64340866,1.9091797
st_dens,0,2599,P_01815_RIGHT_CC,P_01815,1,2,0.012835634,-1.9345703,0.02213471,-1.3896484,0.1930912,0.7763672,0.77193844,2.1621094
st_dens,0,2600,P_01815_RIGHT_MLO,P_01815,1,2,0.007856327,-2.2167969,0.012554374,-1.7480469,0.2723853,1.3291016,0.707204,2.2832031
st_dens,0,2620,P_01825_RIGHT_CC,P_01825,0,1,0.025321553,-1.6308594,0.6057459,1.5439453,0.34921208,0.99316406,0.019720446,-1.8808594
st_dens,0,2621,P_01825_RIGHT_MLO,P_01825,0,1,0.025534593,-1.3300781,0.81478536,2.1328125,0.14805776,0.42749023,0.011622288,-2.1171875
st_dens,0,2634,P_01833_RIGHT_MLO,P_01833,1,1,0.07039633,0.57958984,0.91872674,3.1484375,0.0089630075,-1.4814453,0.0019139334,-3.0253906
st_dens,0,2644,P_01842_LEFT_MLO,P_01842,1,3,0.06937436,-1.1640625,0.60370857,0.9995117,0.14798127,-0.40649414,0.17893581,-0.21655273
st_dens,0,2663,P_01861_LEFT_MLO,P_01861,1,3,0.0059973085,-2.2519531,0.010211732,-1.7197266,0.22395115,1.3681641,0.75983983,2.5898438
st_dens,0,2668,P_01865_LEFT_MLO,P_01865,1,1,0.20426723,-0.28393555,0.3464961,0.24450684,0.10989838,-0.9038086,0.3393383,0.22363281
st_dens,0,2681,P_01882_LEFT_CC,P_01882,0,1,0.013797015,-1.8681641,0.7673991,2.1503906,0.20938589,0.8515625,0.00941794,-2.25
st_dens,0,2682,P_01882_LEFT_MLO,P_01882,0,1,0.016099911,-1.9667969,0.46821657,1.4033203,0.4964708,1.4619141,0.0192127,-1.7900391
st_dens,0,2698,P_01912_RIGHT_CC,P_01912,1,2,0.024376318,-1.8085938,0.08278677,-0.5859375,0.6924886,1.5380859,0.20034832,0.29785156
st_dens,0,2699,P_01912_RIGHT_MLO,P_01912,1,2,0.0125016235,-2.0644531,0.07247073,-0.3071289,0.82494086,2.125,0.09008675,-0.089538574
st_dens,0,2763,P_02418_RIGHT_CC,P_02418,1,2,0.057891905,-1.2841797,0.1405811,-0.39697266,0.3021493,0.36816406,0.49937767,0.87060547
st_dens,0,2785,P_02501_RIGHT_CC,P_02501,1,2,0.024384748,-1.6025391,0.6221714,1.6367188,0.33727917,1.0244141,0.016164623,-2.0136719
